username,repo_name,stars,repo_url
mrdoob,three.js,79600,https://github.com/mrdoob/three.js
libgdx,libgdx,19700,https://github.com/libgdx/libgdx
pmndrs,react-three-fiber,17000,https://github.com/pmndrs/react-three-fiber
BabylonJS,Babylon.js,16000,https://github.com/BabylonJS/Babylon.js
aframevr,aframe,13900,https://github.com/aframevr/aframe
lettier,3d-game-shaders-for-beginners,12300,https://github.com/lettier/3d-game-shaders-for-beginners
ssloy,tinyrenderer,12200,https://github.com/ssloy/tinyrenderer
FreeCAD,FreeCAD,10800,https://github.com/FreeCAD/FreeCAD
metafizzy,zdog,9000,https://github.com/metafizzy/zdog
CesiumGS,cesium,8300,https://github.com/CesiumGS/cesium
timzhang642,3D-Machine-Learning,7700,https://github.com/timzhang642/3D-Machine-Learning
a1studmuffin,SpaceshipGenerator,7100,https://github.com/a1studmuffin/SpaceshipGenerator
isl-org,Open3D,6300,https://github.com/isl-org/Open3D
domlysz,BlenderGIS,4900,https://github.com/domlysz/BlenderGIS
blender,blender,4900,https://github.com/blender/blender
spritejs,spritejs,4800,https://github.com/spritejs/spritejs
openscad,openscad,4700,https://github.com/openscad/openscad
tensorspace-team,tensorspace,4600,https://github.com/tensorspace-team/tensorspace
jagenjo,webglstudio.js,4600,https://github.com/jagenjo/webglstudio.js
YadiraF,PRNet,4500,https://github.com/YadiraF/PRNet
AaronJackson,vrn,4400,https://github.com/AaronJackson/vrn
ssloy,tinyraytracer,4100,https://github.com/ssloy/tinyraytracer
google,model-viewer,4000,https://github.com/google/model-viewer
mosra,magnum,3800,https://github.com/mosra/magnum
gfxfundamentals,webgl-fundamentals,3500,https://github.com/gfxfundamentals/webgl-fundamentals
FyroxEngine,Fyrox,3400,https://github.com/FyroxEngine/Fyrox
tengbao,vanta,3200,https://github.com/tengbao/vanta
cleardusk,3DDFA,3200,https://github.com/cleardusk/3DDFA
jasonlong,isometric-contributions,3100,https://github.com/jasonlong/isometric-contributions
cnr-isti-vclab,meshlab,2800,https://github.com/cnr-isti-vclab/meshlab
