username,repo_name,stars,repo_url
metafizzy,infinite-scroll,7000.0,https://github.com/metafizzy/infinite-scroll
ljianshu,Blog,7000.0,https://github.com/ljianshu/Blog
developit,unfetch,5300.0,https://github.com/developit/unfetch
jquery-form,form,5100.0,https://github.com/jquery-form/form
olifolkerd,tabulator,4400.0,https://github.com/olifolkerd/tabulator
Studio-42,elFinder,4200.0,https://github.com/Studio-42/elFinder
ded,reqwest,2900.0,https://github.com/ded/reqwest
dwyl,learn-to-send-email-via-google-script-html-no-server,2800.0,https://github.com/dwyl/learn-to-send-email-via-google-script-html-no-server
LeaVerou,bliss,2400.0,https://github.com/LeaVerou/bliss
elbywan,wretch,2400.0,https://github.com/elbywan/wretch
noelboss,featherlight,2000.0,https://github.com/noelboss/featherlight
wendux,Ajax-hook,2000.0,https://github.com/wendux/Ajax-hook
yisainan,web-interview,1900.0,https://github.com/yisainan/web-interview
craftpip,jquery-confirm,1800.0,https://github.com/craftpip/jquery-confirm
ptaoussanis,sente,1600.0,https://github.com/ptaoussanis/sente
joaomilho,Enterprise,1500.0,https://github.com/joaomilho/Enterprise
nette,tracy,1500.0,https://github.com/nette/tracy
u014427391,jeeplatform,1300.0,https://github.com/u014427391/jeeplatform
loadingio,css-spinner,1300.0,https://github.com/loadingio/css-spinner
MoOx,pjax,1300.0,https://github.com/MoOx/pjax
codingforentrepreneurs,eCommerce,1200.0,https://github.com/codingforentrepreneurs/eCommerce
danielm,uploader,1100.0,https://github.com/danielm/uploader
renderedtext,render_async,1000.0,https://github.com/renderedtext/render_async
swlib,saber,,https://github.com/swlib/saber
proyecto26,RestClient,,https://github.com/proyecto26/RestClient
k8w,tsrpc,,https://github.com/k8w/tsrpc
opensource-socialnetwork,opensource-socialnetwork,,https://github.com/opensource-socialnetwork/opensource-socialnetwork
webcreate,infinite-ajax-scroll,,https://github.com/webcreate/infinite-ajax-scroll
rapidjs,rapid.js,,https://github.com/rapidjs/rapid.js
csxiaoyaojianxian,JavaScriptStudy,,https://github.com/csxiaoyaojianxian/JavaScriptStudy
