username,repo_name,stars,repo_url
amphp,amp,3500.0,https://github.com/amphp/amp
danog,MadelineProto,1900.0,https://github.com/danog/MadelineProto
amphp,http-server,1200.0,https://github.com/amphp/http-server
unreal4u,telegram-api,,https://github.com/unreal4u/telegram-api
amphp,http-client,,https://github.com/amphp/http-client
amphp,parallel,,https://github.com/amphp/parallel
php-service-bus,service-bus,,https://github.com/php-service-bus/service-bus
amphp,byte-stream,,https://github.com/amphp/byte-stream
amphp,mysql,,https://github.com/amphp/mysql
amphp,parallel-functions,,https://github.com/amphp/parallel-functions
amphp,process,,https://github.com/amphp/process
amphp,socket,,https://github.com/amphp/socket
amphp,redis,,https://github.com/amphp/redis
amphp,dns,,https://github.com/amphp/dns
kelunik,acme,,https://github.com/kelunik/acme
amphp,websocket-client,,https://github.com/amphp/websocket-client
amphp,sync,,https://github.com/amphp/sync
PeeHaa,mailgrab,,https://github.com/PeeHaa/mailgrab
amphp,websocket-server,,https://github.com/amphp/websocket-server
amphp,file,,https://github.com/amphp/file
jolicode,asynit,,https://github.com/jolicode/asynit
amphp,cache,,https://github.com/amphp/cache
amphp,postgres,,https://github.com/amphp/postgres
amphp,serialization,,https://github.com/amphp/serialization
amphp,windows-registry,,https://github.com/amphp/windows-registry
amphp,hpack,,https://github.com/amphp/hpack
amphp,beanstalk,,https://github.com/amphp/beanstalk
phpinnacle,ridge,,https://github.com/phpinnacle/ridge
amphp,aerys,,https://github.com/amphp/aerys
amphp,cluster,,https://github.com/amphp/cluster
