username,repo_name,stars,repo_url
aspnetboilerplate,aspnetboilerplate,10200.0,https://github.com/aspnetboilerplate/aspnetboilerplate
dotnet,AspNetCore.Docs,10200.0,https://github.com/dotnet/AspNetCore.Docs
bitwarden,server,9300.0,https://github.com/bitwarden/server
nopSolutions,nopCommerce,7000.0,https://github.com/nopSolutions/nopCommerce
ElectronNET,Electron.NET,6200.0,https://github.com/ElectronNET/Electron.NET
RicoSuter,NSwag,5000.0,https://github.com/RicoSuter/NSwag
thangchung,clean-code-dotnet,4600.0,https://github.com/thangchung/clean-code-dotnet
JimBobSquarePants,ImageProcessor,2500.0,https://github.com/JimBobSquarePants/ImageProcessor
smartstore,SmartStoreNET,2400.0,https://github.com/smartstore/SmartStoreNET
dotnet,aspnet-api-versioning,2200.0,https://github.com/dotnet/aspnet-api-versioning
loic-sharma,BaGet,1900.0,https://github.com/loic-sharma/BaGet
mjebrahimi,Awesome-Microservices-DotNet,1600.0,https://github.com/mjebrahimi/Awesome-Microservices-DotNet
TrilonIO,aspnetcore-angular-universal,1500.0,https://github.com/TrilonIO/aspnetcore-angular-universal
TrilonIO,aspnetcore-Vue-starter,1200.0,https://github.com/TrilonIO/aspnetcore-Vue-starter
lampo1024,DncZeus,1200.0,https://github.com/lampo1024/DncZeus
MarimerLLC,csla,,https://github.com/MarimerLLC/csla
riganti,dotvvm,,https://github.com/riganti/dotvvm
cornflourblue,aspnet-core-3-jwt-authentication-api,,https://github.com/cornflourblue/aspnet-core-3-jwt-authentication-api
json-api-dotnet,JsonApiDotNetCore,,https://github.com/json-api-dotnet/JsonApiDotNetCore
antonioCoco,SharPyShell,,https://github.com/antonioCoco/SharPyShell
chsakell,mvcarchitecture,,https://github.com/chsakell/mvcarchitecture
brthor,Gofer.NET,,https://github.com/brthor/Gofer.NET
YAFNET,YAFNET,,https://github.com/YAFNET/YAFNET
Maarten88,rrod,,https://github.com/Maarten88/rrod
IvanJosipovic,BlazorTable,,https://github.com/IvanJosipovic/BlazorTable
SapphireDb,SapphireDb,,https://github.com/SapphireDb/SapphireDb
Taritsyn,WebMarkupMin,,https://github.com/Taritsyn/WebMarkupMin
chsakell,aspnet-core-identity,,https://github.com/chsakell/aspnet-core-identity
EEParker,aspnetcore-vueclimiddleware,,https://github.com/EEParker/aspnetcore-vueclimiddleware
smartstore,Smartstore,,https://github.com/smartstore/Smartstore
