username,repo_name,stars,repo_url
atom,atom,56900.0,https://github.com/atom/atom
themerdev,themer,4600.0,https://github.com/themerdev/themer
nteract,hydrogen,3800.0,https://github.com/nteract/hydrogen
shd101wyy,markdown-preview-enhanced,3600.0,https://github.com/shd101wyy/markdown-preview-enhanced
miniflux,v2,3400.0,https://github.com/miniflux/v2
atom,teletype,2400.0,https://github.com/atom/teletype
mehcode,awesome-atom,1900.0,https://github.com/mehcode/awesome-atom
mmcdole,gofeed,1800.0,https://github.com/mmcdole/gofeed
joefitzgerald,go-plus,1500.0,https://github.com/joefitzgerald/go-plus
Glavin001,atom-beautify,1500.0,https://github.com/Glavin001/atom-beautify
simplepie,simplepie,1400.0,https://github.com/simplepie/simplepie
t9md,atom-vim-mode-plus,1400.0,https://github.com/t9md/atom-vim-mode-plus
ocaml,merlin,1400.0,https://github.com/ocaml/merlin
kurtmckee,feedparser,1400.0,https://github.com/kurtmckee/feedparser
MagicStack,MagicPython,1300.0,https://github.com/MagicStack/MagicPython
atom,apm,1200.0,https://github.com/atom/apm
file-icons,atom,1200.0,https://github.com/file-icons/atom
kettanaito,atomic-layout,1100.0,https://github.com/kettanaito/atomic-layout
atom,github,1000.0,https://github.com/atom/github
nmdias,FeedKit,,https://github.com/nmdias/FeedKit
nathanbuchar,atom-one-dark-terminal,,https://github.com/nathanbuchar/atom-one-dark-terminal
danhper,atomic-chrome,,https://github.com/danhper/atomic-chrome
jesseweed,seti-ui,,https://github.com/jesseweed/seti-ui
fwcd,kotlin-language-server,,https://github.com/fwcd/kotlin-language-server
prettier,prettier-atom,,https://github.com/prettier/prettier-atom
raphamorim,lucario,,https://github.com/raphamorim/lucario
atom-community,atom-script,,https://github.com/atom-community/atom-script
jpmonette,feed,,https://github.com/jpmonette/feed
jasonmunro,cypht,,https://github.com/jasonmunro/cypht
jekyll,jekyll-feed,,https://github.com/jekyll/jekyll-feed
