username,repo_name,stars,repo_url
jlevy,the-art-of-command-line,102000,https://github.com/jlevy/the-art-of-command-line
nvm-sh,nvm,55800,https://github.com/nvm-sh/nvm
junegunn,fzf,42400,https://github.com/junegunn/fzf
dylanaraps,pure-bash-bible,30500,https://github.com/dylanaraps/pure-bash-bible
google,zx,29200,https://github.com/google/zx
koalaman,shellcheck,28000,https://github.com/koalaman/shellcheck
mathiasbynens,dotfiles,27500,https://github.com/mathiasbynens/dotfiles
LeCoupa,awesome-cheatsheets,27200,https://github.com/LeCoupa/awesome-cheatsheets
acmesh-official,acme.sh,25600,https://github.com/acmesh-official/acme.sh
alebcay,awesome-shell,23100,https://github.com/alebcay/awesome-shell
starship,starship,22800,https://github.com/starship/starship
jaywcjlove,linux-command,18000,https://github.com/jaywcjlove/linux-command
Nyr,openvpn-install,14600,https://github.com/Nyr/openvpn-install
dylanaraps,neofetch,14400,https://github.com/dylanaraps/neofetch
rbenv,rbenv,14000,https://github.com/rbenv/rbenv
powerline,powerline,13100,https://github.com/powerline/powerline
shelljs,shelljs,13100,https://github.com/shelljs/shelljs
Bash-it,bash-it,12800,https://github.com/Bash-it/bash-it
faressoft,terminalizer,12400,https://github.com/faressoft/terminalizer
jessfraz,dockerfiles,12400,https://github.com/jessfraz/dockerfiles
withfig,autocomplete,12400,https://github.com/withfig/autocomplete
denisidoro,navi,10300,https://github.com/denisidoro/navi
codota,TabNine,9000,https://github.com/codota/TabNine
rgcr,m-cli,8800,https://github.com/rgcr/m-cli
alexanderepstein,Bash-Snippets,8600,https://github.com/alexanderepstein/Bash-Snippets
direnv,direnv,8500,https://github.com/direnv/direnv
kanaka,mal,8500,https://github.com/kanaka/mal
skywind3000,awesome-cheatsheets,8200,https://github.com/skywind3000/awesome-cheatsheets
carlospolop,PEASS-ng,8000,https://github.com/carlospolop/PEASS-ng
angristan,openvpn-install,7600,https://github.com/angristan/openvpn-install
