username,repo_name,stars,repo_url
iamadamdev,bypass-paywalls-chrome,22700,https://github.com/iamadamdev/bypass-paywalls-chrome
refined-github,refined-github,17100,https://github.com/refined-github/refined-github
checkly,headless-recorder,13900,https://github.com/checkly/headless-recorder
darkreader,darkreader,13100,https://github.com/darkreader/darkreader
unbug,codelf,12300,https://github.com/unbug/codelf
crimx,ext-saladict,8800,https://github.com/crimx/ext-saladict
Anarios,return-youtube-dislike,8500,https://github.com/Anarios/return-youtube-dislike
listen1,listen1_chrome_extension,8200,https://github.com/listen1/listen1_chrome_extension
appbaseio,dejavu,7700,https://github.com/appbaseio/dejavu
alyssaxuu,screenity,6600,https://github.com/alyssaxuu/screenity
gildas-lormeau,SingleFile,6200,https://github.com/gildas-lormeau/SingleFile
dailydotdev,daily,5800,https://github.com/dailydotdev/daily
Kenshin,simpread,5600,https://github.com/Kenshin/simpread
manojVivek,medium-unlimited,4600,https://github.com/manojVivek/medium-unlimited
dessant,buster,4500,https://github.com/dessant/buster
ajayyy,SponsorBlock,4200,https://github.com/ajayyy/SponsorBlock
altair-graphql,altair,4000,https://github.com/altair-graphql/altair
zxlie,FeHelper,4000,https://github.com/zxlie/FeHelper
webclipper,web-clipper,3900,https://github.com/webclipper/web-clipper
alyssaxuu,omni,3800,https://github.com/alyssaxuu/omni
openstyles,stylus,3800,https://github.com/openstyles/stylus
bilibili-helper,bilibili-helper-o,3700,https://github.com/bilibili-helper/bilibili-helper-o
dejan,rails_panel,3700,https://github.com/dejan/rails_panel
lmk123,crx-selection-translate,3600,https://github.com/lmk123/crx-selection-translate
Kholid060,automa,3500,https://github.com/Kholid060/automa
KartikTalwar,gmail.js,3500,https://github.com/KartikTalwar/gmail.js
honestbleeps,Reddit-Enhancement-Suite,3400,https://github.com/honestbleeps/Reddit-Enhancement-Suite
WorldBrain,Memex,3400,https://github.com/WorldBrain/Memex
vinta,pangu.js,3300,https://github.com/vinta/pangu.js
ronggang,PT-Plugin-Plus,3100,https://github.com/ronggang/PT-Plugin-Plus
