username,repo_name,stars,repo_url
realm,SwiftLint,15800.0,https://github.com/realm/SwiftLint
facebook,infer,13000.0,https://github.com/facebook/infer
analysis-tools-dev,static-analysis,9600.0,https://github.com/analysis-tools-dev/static-analysis
checkstyle,checkstyle,6600.0,https://github.com/checkstyle/checkstyle
SonarSource,sonarqube,6600.0,https://github.com/SonarSource/sonarqube
Kristories,awesome-guidelines,6500.0,https://github.com/Kristories/awesome-guidelines
facebook,pyre-check,5800.0,https://github.com/facebook/pyre-check
reviewdog,reviewdog,4800.0,https://github.com/reviewdog/reviewdog
simplecov-ruby,simplecov,4400.0,https://github.com/simplecov-ruby/simplecov
detekt,detekt,4300.0,https://github.com/detekt/detekt
import-js,eslint-plugin-import,3900.0,https://github.com/import-js/eslint-plugin-import
PyCQA,pylint,3800.0,https://github.com/PyCQA/pylint
pmd,pmd,3800.0,https://github.com/pmd/pmd
phpro,grumphp,3700.0,https://github.com/phpro/grumphp
htmlhint,HTMLHint,2800.0,https://github.com/htmlhint/HTMLHint
kucherenko,jscpd,2500.0,https://github.com/kucherenko/jscpd
codeclimate,codeclimate,2300.0,https://github.com/codeclimate/codeclimate
trekhleb,state-of-the-art-shitcode,2300.0,https://github.com/trekhleb/state-of-the-art-shitcode
uber,piranha,1900.0,https://github.com/uber/piranha
wemake-services,wemake-python-styleguide,1800.0,https://github.com/wemake-services/wemake-python-styleguide
ehmicky,cross-platform-node-guide,1200.0,https://github.com/ehmicky/cross-platform-node-guide
Tencent,feflow,1100.0,https://github.com/Tencent/feflow
urish,typewiz,1100.0,https://github.com/urish/typewiz
Tencent,CodeAnalysis,1000.0,https://github.com/Tencent/CodeAnalysis
jakzal,phpqa,,https://github.com/jakzal/phpqa
joshuaclayton,unused,,https://github.com/joshuaclayton/unused
imgbot,Imgbot,,https://github.com/imgbot/Imgbot
SonarSource,SonarJS,,https://github.com/SonarSource/SonarJS
pdepend,pdepend,,https://github.com/pdepend/pdepend
SonarSource,SonarTS,,https://github.com/SonarSource/SonarTS
