username,repo_name,stars,repo_url
ovity,octotree,21900.0,https://github.com/ovity/octotree
gitpod-io,gitpod,7300.0,https://github.com/gitpod-io/gitpod
reviewdog,reviewdog,4800.0,https://github.com/reviewdog/reviewdog
danger,danger,4800.0,https://github.com/danger/danger
danger,danger-js,4200.0,https://github.com/danger/danger-js
joho,awesome-code-review,3300.0,https://github.com/joho/awesome-code-review
ajinabraham,nodejsscan,1900.0,https://github.com/ajinabraham/nodejsscan
houndci,hound,1900.0,https://github.com/houndci/hound
mbj,mutant,1800.0,https://github.com/mbj/mutant
microsoft,vscode-pull-request-github,1800.0,https://github.com/microsoft/vscode-pull-request-github
crev-dev,cargo-crev,1500.0,https://github.com/crev-dev/cargo-crev
reviewboard,reviewboard,1400.0,https://github.com/reviewboard/reviewboard
ryanmcdermott,code-review-tips,1100.0,https://github.com/ryanmcdermott/code-review-tips
bit4woo,python_sec,1100.0,https://github.com/bit4woo/python_sec
code-review-checklists,java-concurrency,1000.0,https://github.com/code-review-checklists/java-concurrency
Tencent,CodeAnalysis,1000.0,https://github.com/Tencent/CodeAnalysis
jiangsir404,Audit-Learning,,https://github.com/jiangsir404/Audit-Learning
TeamCodeStream,codestream,,https://github.com/TeamCodeStream/codestream
enlightn,enlightn,,https://github.com/enlightn/enlightn
palantir,policy-bot,,https://github.com/palantir/policy-bot
bsamseth,cpp-project,,https://github.com/bsamseth/cpp-project
uwolfer,gerrit-intellij-plugin,,https://github.com/uwolfer/gerrit-intellij-plugin
mookid,diffr,,https://github.com/mookid/diffr
mgreiler,code-review-checklist,,https://github.com/mgreiler/code-review-checklist
JetBrains,Qodana,,https://github.com/JetBrains/Qodana
dpnishant,raptor,,https://github.com/dpnishant/raptor
sjparkinson,static-review,,https://github.com/sjparkinson/static-review
burrito-brothers,shiba,,https://github.com/burrito-brothers/shiba
wandersoncferreira,code-review,,https://github.com/wandersoncferreira/code-review
charignon,github-review,,https://github.com/charignon/github-review
